,cell barcode,multiseq barcode
0,GATGAAAGTAGTACCT,DOUBLET
1,ACAGCTAAGTGTGAAT,DOUBLET
2,CACAAACCATCGGGTC,CACTGTAG
3,GAACATCGTCGAGATG,CACTGTAG
4,GGTGAAGCAGATCGGA,CACTGTAG
5,GTAACTGTCTGATTCT,CACTGTAG
6,CTGATAGCATCTGGTA,CACTGTAG
7,CTACATTAGACGACGT,GCCAGTTA
8,GGCCGATTCTCGCATC,CACTGTAG
9,CCCATACGTGGTACAG,CACTGTAG
10,ACAGCCGAGCCAGTAG,CACTGTAG
11,TCTGAGAGTGTGGCTC,DOUBLET
12,GACTAACCAAACGCGA,CACTGTAG
13,CCGTTCATCGTACCGG,DOUBLET
14,CGCTATCAGGGATGGG,DOUBLET
15,CACTCCAAGTGTGAAT,TGCCGTGG
16,ATCATCTTCAGAGACG,DOUBLET
17,TTTCCTCTCAAAGACA,CACTGTAG
18,CTTAGGATCTGGTATG,DOUBLET
19,CCGTTCAAGCGCCTCA,CACTGTAG
20,CACCAGGAGTCATGCT,DOUBLET
21,ACGGCCAAGAGACGAA,CACTGTAG
22,GTCCTCAAGGATGTAT,DOUBLET
23,CCATGTCTCCATGCTC,CACTGTAG
24,CCTACCACACCCATGG,CACTGTAG
25,ACTGATGTCGTCTGAA,DOUBLET
26,CTCTACGCACTAAGTC,CACTGTAG
27,TGCTACCTCCTGCTTG,CACTGTAG
28,CAGGTGCAGACTGTAA,DOUBLET
29,TACCTTACAATGAATG,DOUBLET
30,TATCAGGGTCAGATAA,CACTGTAG
31,CCAGCGATCCTAGAAC,DOUBLET
32,TAAACCGCAGTTTACG,DOUBLET
33,CCATGTCAGCGACGTA,DOUBLET
34,CTGTTTATCAGCAACT,DOUBLET
35,GAACATCGTTATCACG,DOUBLET
36,TAGTGGTCAGGAACGT,CACTGTAG
37,GACCAATCAATGACCT,CACTGTAG
38,TTCTCCTAGAAACGCC,CACTGTAG
39,CGTCCATAGGGAACGG,CACTGTAG
40,CTGCGGAGTATAGTAG,CACTGTAG
41,GAAGCAGGTACCGTTA,CACTGTAG
42,CCCAATCCAGGGTATG,DOUBLET
43,GCTCTGTCAAGCGAGT,DOUBLET
44,TGTATTCTCCGCAGTG,CACTGTAG
45,GTACTCCAGTGGAGAA,CACTGTAG
46,TTGAACGTCCCAAGTA,CACTGTAG
47,CGAGCACAGAGTACAT,DOUBLET
48,GTCATTTCATGCTAGT,CACTGTAG
49,TCACAAGGTTGGTAAA,CACTGTAG
50,TCAATCTGTCAGCTAT,DOUBLET
51,AGGCCGTGTTGTCTTT,CACTGTAG
52,CTACGTCGTAGCGATG,DOUBLET
53,GCAGTTAAGTTAACGA,CACTGTAG
54,TGTTCCGAGTGTACTC,DOUBLET
55,GGCCGATCAGCTGTAT,DOUBLET
56,ATCCGAAGTTCCGTCT,CACTGTAG
57,CCACGGACATCCGGGT,CACTGTAG
58,TAAGTGCCAGTGGAGT,CACTGTAG
59,GACGCGTAGAGTGACC,DOUBLET
60,AGATTGCAGTTTGCGT,DOUBLET
61,CAAGAAATCTCCAACC,DOUBLET
62,GTATTCTCAGCTGTGC,CACTGTAG
63,GAAATGAGTAAGTTCC,DOUBLET
64,CATGCCTAGTGGTAGC,CACTGTAG
65,CATTCGCTCGAGAGCA,DOUBLET
66,ATCATCTGTAGTGAAT,CACTGTAG
67,GGGAATGCATGGATGG,DOUBLET
68,TGAAAGATCTGTCTCG,CACTGTAG
69,GACCTGGTCCATGAGT,CACTGTAG
70,TTGGAACTCTACTCAT,DOUBLET
71,CGTGTCTAGCACAGGT,DOUBLET
72,CGTCAGGTCGCCTGAG,CACTGTAG
73,ACTTTCATCCACGCAG,DOUBLET
74,CAGGTGCGTCTCCCTA,CACTGTAG
75,CACTCCATCGGTGTCG,DOUBLET
76,CGTCCATGTCCTAGCG,TGCCGTGG
77,TCACAAGTCTGCGACG,CACTGTAG
78,ACTGAGTAGGGTGTTG,CACTGTAG
79,GATGAGGCACCCATGG,DOUBLET
80,CATATTCCAGTAAGCG,CACTGTAG
81,CACATAGCATACGCTA,CACTGTAG
82,GAACGGACAAGCCTAT,CACTGTAG
83,TGCCCATAGTACGCGA,CACTGTAG
84,ACAGCCGCAGACGCCT,CACTGTAG
85,CTCAGAATCGTCCGTT,CACTGTAG
86,GTAGTCATCTCGGACG,CACTGTAG
87,ATCATCTTCAGTTGAC,CACTGTAG
88,CGTTGGGTCGTCTGCT,DOUBLET
89,TCTTTCCAGGTGATTA,CACTGTAG
90,TCAGCAATCAGTTGAC,CACTGTAG
91,GCACATAGTGACGGTA,CACTGTAG
92,CGACCTTCATTGCGGC,DOUBLET
93,AGGCCACAGGGCTTGA,CACTGTAG
94,GTCTTCGGTGAGGCTA,DOUBLET
95,TCTCATAAGTTGTCGT,DOUBLET
96,TACAGTGTCAACGGGA,DOUBLET
97,GTGCAGCTCTGCCCTA,DOUBLET
98,ACGATACTCATTGCGA,CACTGTAG
99,ACTGAGTCAATGGAGC,DOUBLET
100,GCATACACAGGTCTCG,CACTGTAG
101,AGTGTCATCAACCAAC,CACTGTAG
102,TATCTCAAGGATGGTC,CACTGTAG
103,TTGACTTCAGGATCGA,CACTGTAG
104,GTTACAGAGCTGAACG,DOUBLET
105,CGGAGTCGTCTGATTG,DOUBLET
106,TACCTTAAGAGAACAG,DOUBLET
107,AGAGCTTGTCGAACAG,DOUBLET
108,TTCGAAGAGACATAAC,DOUBLET
109,GACGGCTAGTGTACGG,CACTGTAG
110,TACTTACAGAGGTAGA,CACTGTAG
111,CACATAGTCAACACCA,CACTGTAG
112,GGATTACAGATGGGTC,CACTGTAG
113,TGACTTTAGAACAACT,DOUBLET
114,TGTATTCAGCTATGCT,DOUBLET
115,GCGAGAATCGCTAGCG,DOUBLET
116,GGCAATTAGAGAGCTC,TGCCGTGG
117,GGATGTTCATGCGCAC,DOUBLET
118,ATGCGATCACGGTGTC,GCCAGTTA
119,CTGAAGTTCAATAAGG,CACTGTAG
120,GGCCGATTCATTATCC,DOUBLET
121,CGGACTGTCTGGAGCC,CACTGTAG
122,CTGATCCCACAGACTT,DOUBLET
123,GAATGAATCTGCCAGG,CACTGTAG
124,TGCACCTTCAGAAATG,CACTGTAG
125,TAAACCGGTCTTGATG,DOUBLET
126,CTCGTACGTGATGTGG,CACTGTAG
127,GTAGGCCAGGCTCATT,CACTGTAG
128,GCATGATGTCGTCTTC,CACTGTAG
129,ACTGAGTGTCTTGATG,CACTGTAG
130,ACGGGCTGTACAGTTC,CACTGTAG
131,GGATGTTAGTGTTAGA,CACTGTAG
132,GCGCAGTTCAAGGCTT,CACTGTAG
133,ACTGTCCAGTACTTGC,CACTGTAG
134,CCCTCCTAGAGCTGGT,DOUBLET
135,TGCGTGGCAATAGCAA,DOUBLET
136,AGCTCTCGTTGATTGC,CACTGTAG
137,CGAGAAGTCAAGATCC,DOUBLET
138,CGGAGCTAGCCCAACC,CACTGTAG
139,CGCGTTTTCACCTCGT,CACTGTAG
140,GTGCGGTCATGTCCTC,CACTGTAG
141,CATCAGACAGTTAACC,CACTGTAG
142,TGGACGCGTCGACTGC,CACTGTAG
143,GGAAAGCTCGCATGAT,DOUBLET
144,AGGCCACTCACGATGT,DOUBLET
145,TATGCCCCACAGGCCT,CACTGTAG
146,TCAACGACACATGTGT,CACTGTAG
147,TCGAGGCCACTGTCGG,CACTGTAG
148,TACTTGTTCTCCGGTT,CACTGTAG
149,GAATGAACAAATCCGT,CACTGTAG
150,CAACCAATCTCGTTTA,DOUBLET
151,AACTGGTTCGCCTGAG,DOUBLET
152,CACAGGCAGACTAGGC,CACTGTAG
153,TATCTCAAGCTAGTCT,DOUBLET
154,GATCTAGTCCTGTAGA,DOUBLET
155,CTAGAGTGTGGCCCTA,CACTGTAG
156,TCGTACCTCAGGCGAA,DOUBLET
157,CAGGTGCAGTGAACGC,TGCCGTGG
158,GGTATTGGTCAGAATA,DOUBLET
159,CGCTATCCATTCTTAC,CACTGTAG
160,ATGGGAGCAATGTAAG,CACTGTAG
161,GCATGATCATGTAGTC,CACTGTAG
162,TCCCGATAGGGCTCTC,DOUBLET
163,CTAGAGTAGCTTTGGT,GCCAGTTA
164,TGTGGTATCTCTTGAT,DOUBLET
165,AACTCCCTCAAGCCTA,CACTGTAG
166,TTCCCAGGTGTCGCTG,CACTGTAG
167,AAGCCGCTCGCCGTGA,DOUBLET
168,TCAACGAGTCTTCAAG,CACTGTAG
169,ATCACGACATTAGGCT,CACTGTAG
170,AAAGCAACACAGAGGT,DOUBLET
171,TCGAGGCAGAGTAATC,CACTGTAG
172,CTCTAATAGGGTCTCC,CACTGTAG
173,ACGGGCTAGTCCGTAT,DOUBLET
174,GGGAATGCAGCTATTG,DOUBLET
175,TGCCAAACATGCATGT,CACTGTAG
176,TCTGAGACAGGGTACA,CACTGTAG
177,CTAGCCTAGCGGATCA,CACTGTAG
178,CGCGGTACAACACCCG,CACTGTAG
179,CAGCGACCACGTAAGG,CACTGTAG
180,AAGACCTGTTCCACAA,DOUBLET
181,TTGGCAACATGTCCTC,DOUBLET
182,GCTGCAGAGCTAACTC,CACTGTAG
183,CGAGCCAGTGGCAAAC,TGCCGTGG
184,GACACGCCAAGGACTG,DOUBLET
185,AGATTGCTCTCGTTTA,DOUBLET
186,CATATTCAGGCTCATT,CACTGTAG
187,CACTCCATCCAAAGTC,CACTGTAG
188,ATCGAGTAGTAGATGT,DOUBLET
189,AAAGCAAGTGATGTCT,DOUBLET
190,CGATGTAAGTGGCACA,DOUBLET
191,TACTCGCCAGATGAGC,DOUBLET
192,TTTGCGCCACAGACAG,CACTGTAG
193,TGCGCAGCAGGACCCT,CACTGTAG
194,CTGTGCTAGCTGTTCA,DOUBLET
195,CAACCTCGTGGTCCGT,CACTGTAG
196,CCTCTGACAGATCTGT,CACTGTAG
197,CCTTCGACAGTATAAG,DOUBLET
198,GAACGGAGTGTGTGCC,DOUBLET
199,CCTATTAAGCTGATAA,CACTGTAG
200,ATGGGAGGTGGGTATG,CACTGTAG
201,AGCTCTCAGGATGCGT,DOUBLET
202,GGATGTTTCGCCAAAT,CACTGTAG
203,GTGTGCGGTTCGAATC,DOUBLET
204,TTCTCAATCGTGGTCG,DOUBLET
205,GTACGTAAGACGCACA,DOUBLET
206,ACGCCGATCGTCTGCT,CACTGTAG
207,AGTGTCAGTCTGCGGT,DOUBLET
208,GTCTTCGTCAAACGGG,CACTGTAG
209,CTGATCCTCGGAAATA,DOUBLET
210,TCAACGAGTAGCGATG,DOUBLET
211,GGGATGACATATGGTC,CACTGTAG
212,TGCTGCTCATCACCCT,CACTGTAG
213,CCTTACGCATGGTAGG,DOUBLET
214,ACTGTCCCAGCCACCA,CACTGTAG
215,CTACATTAGTGGGCTA,DOUBLET
216,CGATGTAGTTACGGAG,CACTGTAG
217,CACACTCCACGCCAGT,DOUBLET
218,GGGAGATAGAGTGACC,CACTGTAG
219,GACGTTAAGCCCAATT,CACTGTAG
220,CGGACTGAGTACGTTC,DOUBLET
221,ATGAGGGAGCTGTTCA,CACTGTAG
222,ACGGCCACACGGTAAG,CACTGTAG
223,AAAGTAGTCCGAACGC,CACTGTAG
224,GACGCGTAGCTCAACT,DOUBLET
225,AGAGCTTTCAGTGTTG,DOUBLET
226,GTTACAGAGTGCAAGC,CACTGTAG
227,GACGGCTGTACTTCTT,DOUBLET
228,CGGAGCTTCACTGGGC,CACTGTAG
229,GACGGCTTCATTCACT,DOUBLET
230,CGTAGGCGTTCCCGAG,DOUBLET
231,TGCGCAGAGGCAAAGA,CACTGTAG
232,TCAGCAATCGGAATCT,DOUBLET
233,ATCCGAATCAGGATCT,DOUBLET
234,CGTAGCGAGGGATGGG,DOUBLET
235,GGAGCAACATCGGACC,CACTGTAG
236,TTCTCAACAGTAAGCG,CACTGTAG
237,CCACGGATCTGGTTCC,DOUBLET
238,CACTCCATCTCCAACC,DOUBLET
239,TGTTCCGCAAGCTGGA,CACTGTAG
240,GGGCATCTCAGCTCTC,CACTGTAG
241,TGCCCATCATTGAGCT,CACTGTAG
242,CTAGCCTCAGAGTGTG,CACTGTAG
243,CATTCGCGTTCGAATC,DOUBLET
244,TTATGCTTCGGTGTTA,CACTGTAG
245,GTGCAGCGTTAGATGA,CACTGTAG
246,CTCCTAGGTCCTAGCG,CACTGTAG
247,ATTTCTGGTCTAGTCA,CACTGTAG
248,TACGGATCATAGACTC,CACTGTAG
249,GCAATCACATTAACCG,DOUBLET
250,AGTGTCAAGTCTTGCA,DOUBLET
251,GACGTGCTCACGACTA,CACTGTAG
252,TCTCTAACAGCGTAAG,CACTGTAG
253,GGGAATGAGTGCTGCC,DOUBLET
254,TGGACGCGTGTGCGTC,CACTGTAG
255,CCGTTCATCCTACAGA,CACTGTAG
256,ATGTGTGGTCGAAAGC,DOUBLET
257,CACAGTAGTTAAAGTG,CACTGTAG
258,TACTTGTTCGGTGTCG,DOUBLET
259,ACTTACTAGCTAACTC,CACTGTAG
260,GTCACGGAGCGATAGC,CACTGTAG
261,CCACGGAGTGTTCTTT,CACTGTAG
262,ACGAGCCCAACAACCT,DOUBLET
263,ATAACGCGTCTCACCT,DOUBLET
264,GGAACTTAGTATCTCG,DOUBLET
265,GAGCAGATCCGATATG,CACTGTAG
266,GGACGTCAGCGACGTA,CACTGTAG
267,TCCCGATGTTGGGACA,CACTGTAG
268,TCCCGATTCCTCAATT,DOUBLET
269,TACAGTGGTATCAGTC,CACTGTAG
270,CCACTACGTTGCCTCT,DOUBLET
271,TGCTACCAGTTACCCA,DOUBLET
272,AGGTCCGAGCTACCTA,DOUBLET
273,AGAATAGTCTTTAGTC,CACTGTAG
274,CTCGGAGAGCCAGGAT,CACTGTAG
275,CGTCTACGTCTGGTCG,CACTGTAG
276,CCACCTAAGTTCGCAT,DOUBLET
277,CTGATCCGTAGGCTGA,DOUBLET
278,GCTGCGACACAGGTTT,DOUBLET
279,TGCGCAGGTAAGGGCT,DOUBLET
280,GTAGTCAAGAATTGTG,DOUBLET
281,GTCACGGAGTGGGCTA,DOUBLET
282,ATAAGAGTCCTGCTTG,CACTGTAG
283,GATCGATGTTGGGACA,CACTGTAG
284,AACTCCCAGGCTACGA,CACTGTAG
285,AACTGGTCACGACGAA,DOUBLET
286,ACCCACTCATCGGAAG,DOUBLET
287,GCACTCTGTTCGAATC,DOUBLET
288,CACACTCAGCACAGGT,CACTGTAG
289,ACTGATGTCTATGTGG,DOUBLET
290,GCTGGGTGTAAACGCG,DOUBLET
291,CTGTTTAAGCCCTAAT,DOUBLET
292,CCTAGCTAGAAGGTGA,CACTGTAG
293,ACTGAACAGTGTCCCG,DOUBLET
294,TGCGGGTGTCATATGC,DOUBLET
295,AACTTTCCACGAAATA,DOUBLET
296,ATAAGAGCACCGTTGG,CACTGTAG
297,GGACATTGTAAATGTG,CACTGTAG
298,TGCACCTCACCGAATT,DOUBLET
299,ATCTACTGTACGCACC,DOUBLET
300,CGGACGTAGACGACGT,CACTGTAG
301,TTAGGACCACCTCGGA,DOUBLET
302,CGAACATAGCCGATTT,DOUBLET
303,GCTCCTATCAGCTCGG,DOUBLET
304,CATCGGGGTGTGGCTC,DOUBLET
305,CCGGGATGTGCCTGCA,DOUBLET
306,TCAGCTCAGCGCTTAT,DOUBLET
307,ACACTGAAGCGATAGC,DOUBLET
308,ACAGCCGTCAGAGGTG,DOUBLET
309,AGTGTCAAGTGATCGG,DOUBLET
310,CATGCCTGTACGACCC,DOUBLET
311,CACCTTGGTACTCAAC,CACTGTAG
312,CACACTCAGGACCACA,DOUBLET
313,GACAGAGCACGAAACG,DOUBLET
314,GCCAAATTCAACTCTT,DOUBLET
315,CACACAAGTGCGATAG,CACTGTAG
316,CGTGTCTAGCCCAACC,CACTGTAG
317,CAGTCCTAGCTGATAA,CACTGTAG
318,CACTCCATCTTATCTG,DOUBLET
319,ATCTACTCAAGCGAGT,DOUBLET
320,TCGAGGCTCCAAACTG,CACTGTAG
321,ACCAGTAAGCGACGTA,CACTGTAG
322,AGTTGGTGTGATGCCC,CACTGTAG
323,TCTGAGAGTGCATCTA,DOUBLET
324,ACGAGGATCTTATCTG,CACTGTAG
325,GCGACCATCTGAGGGA,CACTGTAG
326,AGGGTGACAGCATACT,CACTGTAG
327,AGCAGCCCACCGTTGG,DOUBLET
328,TGTATTCAGAGTACAT,DOUBLET
329,TTATGCTCACAGGCCT,CACTGTAG
330,TTAGGCAGTAAGAGGA,DOUBLET
331,GAGTCCGAGTTTAGGA,DOUBLET
332,TTGGAACTCGGCGCTA,DOUBLET
333,AAAGCAATCGTACCGG,DOUBLET
334,CGTGTAATCTGTCTAT,DOUBLET
335,CCTCTGATCACAATGC,DOUBLET
336,ACTGTCCAGAGAACAG,DOUBLET
337,CCAATCCCACCAACCG,DOUBLET
338,CTGCCTATCAGTTCGA,DOUBLET
339,GAGCAGAAGACAAAGG,DOUBLET
340,CCTTCGAAGTGATCGG,DOUBLET
341,GTGTTAGCAAGTTCTG,CACTGTAG
342,CGCTATCCAGGAATCG,CACTGTAG
343,GAATAAGTCATGGTCA,DOUBLET
344,GGACGTCCATACGCCG,CACTGTAG
345,AACTCTTGTTCCAACA,DOUBLET
346,AGCGTCGAGGCCATAG,DOUBLET
347,TTGCGTCAGTGAATTG,CACTGTAG
348,TCAGCTCAGAGGGCTT,DOUBLET
349,TTGAACGAGAGGTTAT,DOUBLET
350,GTCTTCGAGTACGCCC,DOUBLET
351,CCATGTCTCAGCTCGG,CACTGTAG
352,CTGGTCTCACGAGAGT,DOUBLET
353,CCGGGATGTTTGGGCC,DOUBLET
354,CTGCTGTTCATTATCC,DOUBLET
355,ATTATCCTCGGAATCT,DOUBLET
356,CGAGCCAGTGGGTCAA,DOUBLET
357,GTTTCTATCAGCTCTC,CACTGTAG
358,TTTGTCAGTAGGACAC,DOUBLET
359,TACTCGCAGGTAGCCA,DOUBLET
360,AGACGTTGTAGTACCT,DOUBLET
361,GTAACTGTCTCGCATC,DOUBLET
362,TCGTACCTCAAAGTAG,CACTGTAG
363,AGTGGGAAGTCATGCT,DOUBLET
364,TGGGAAGGTAATCACC,DOUBLET
365,CTTTGCGAGTGATCGG,DOUBLET
366,TAAGAGAAGGGTCTCC,DOUBLET
367,CTTACCGCAATCTACG,DOUBLET
368,TTTGTCAAGTTGAGTA,DOUBLET
369,ACTTGTTCAGGAATCG,DOUBLET
370,GTCACAACATAACCTG,DOUBLET
371,GGCAATTGTACGACCC,DOUBLET
372,ACGGAGATCACCCTCA,DOUBLET
373,TTTGGTTAGTATGACA,DOUBLET
374,CGTGTAAGTTCGGGCT,CACTGTAG
375,CTTAGGACATTCCTGC,DOUBLET
376,GCTCCTATCCAGTATG,DOUBLET
377,CCTCTGAGTTCTGTTT,DOUBLET
378,CACAAACAGCGATGAC,DOUBLET
379,AACTGGTAGGAATGGA,DOUBLET
380,GTTCTCGAGCCACGTC,DOUBLET
381,TGGGAAGAGAGGTTGC,DOUBLET
382,GATCGCGGTGAGCGAT,DOUBLET
383,TCGTAGATCTAACTCT,CACTGTAG
384,TGACGGCGTGTATGGG,CACTGTAG
385,CACATTTGTCTAGGTT,DOUBLET
386,CAAGGCCAGGCATGTG,DOUBLET
387,GGCGTGTAGTATGACA,DOUBLET
388,TATCAGGAGTGGTAGC,DOUBLET
389,TACAGTGGTCTCTTAT,CACTGTAG
390,CGATGTAGTGCGCTTG,CACTGTAG
391,GTGCGGTGTTACCGAT,DOUBLET
392,TGGCGCAGTCTGGAGA,DOUBLET
393,GACGTGCGTTCCACGG,DOUBLET
394,TAGACCATCGGAAACG,DOUBLET
395,TTAGGACAGGGTTTCT,DOUBLET
396,CATTCGCCATGGTTGT,DOUBLET
397,AAAGCAAAGACTTTCG,DOUBLET
398,AACTGGTCATCAGTAC,DOUBLET
399,ACTTTCACAGGCAGTA,DOUBLET
400,CGTGAGCAGCTAGGCA,DOUBLET
401,CTACATTGTTCCACGG,DOUBLET
402,AAGACCTGTTCCAACA,CACTGTAG
403,CACCTTGGTTCACGGC,DOUBLET
404,GTGGGTCCAGTCGTGC,DOUBLET
405,GATGAGGTCGTCCGTT,DOUBLET
406,CGTGAGCAGGTGACCA,DOUBLET
407,AGAATAGAGCTCTCGG,DOUBLET
408,ACACTGACAACAACCT,DOUBLET
409,AGGTCCGAGGTGCTTT,DOUBLET
410,GCACTCTAGATACACA,DOUBLET
411,TAAGTGCTCGGTTCGG,DOUBLET
412,CCGGTAGAGTGTACGG,DOUBLET
413,TTTATGCAGGCCCGTT,DOUBLET
414,TGTGTTTGTCACTTCC,DOUBLET
415,GAATGAAGTGTTGGGA,CACTGTAG
416,AAGACCTAGAAGGTTT,CACTGTAG
417,TCGAGGCAGTCCTCCT,DOUBLET
418,CCGTGGACACTGTCGG,DOUBLET
419,GACGTTAAGGCTAGAC,DOUBLET
420,AGTGAGGGTCAAAGAT,DOUBLET
421,TAAGTGCGTACTCGCG,DOUBLET
422,GGGCACTAGCCACGCT,DOUBLET
423,TCTTCGGCACTAAGTC,DOUBLET
424,CATCGGGGTAGAAGGA,CACTGTAG
425,GTCTCGTAGCTGCCCA,CACTGTAG
426,GTACTTTCAATCTACG,DOUBLET
427,TGTGGTATCGATGAGG,DOUBLET
428,TACTCATGTATTAGCC,DOUBLET
429,TACGGGCAGGACCACA,DOUBLET
430,CAAGTTGTCCAGAGGA,DOUBLET
431,AAGGAGCAGAAGGACA,DOUBLET
432,AGAATAGGTTATTCTC,DOUBLET
433,AGGGAGTAGATACACA,DOUBLET
434,TGCGCAGTCTTCTGGC,DOUBLET
435,CAACTAGGTCTTCTCG,DOUBLET
436,CTTCTCTGTCAAAGCG,CACTGTAG
437,TCAGGTAGTTCGTTGA,DOUBLET
438,GTCTCGTCATCGGACC,DOUBLET
439,CGATCGGCACACTGCG,CACTGTAG
440,TGCACCTTCTAGAGTC,DOUBLET
441,CAGTCCTTCTAGCACA,DOUBLET
442,GCTTGAATCCTCCTAG,DOUBLET
443,CAGTCCTTCTTCAACT,DOUBLET
444,ACACTGAGTGTGGCTC,DOUBLET
445,CGGACACAGTGCTGCC,DOUBLET
446,ACTGAACGTTGGGACA,DOUBLET
447,AGCTCTCGTTCGAATC,DOUBLET
448,AGTAGTCAGGCTACGA,DOUBLET
449,AATCCAGGTTAGATGA,DOUBLET
450,TACTTACTCTGGCGAC,DOUBLET
451,TAGGCATAGGTAAACT,DOUBLET
452,CGTGAGCAGCACCGTC,DOUBLET
453,TTAACTCTCTTCAACT,DOUBLET
454,CTGATAGAGACTTGAA,DOUBLET
455,GCGAGAACAATAACGA,DOUBLET
456,CTTAACTTCATATCGG,CACTGTAG
457,TAGTTGGCACCATGTA,CACTGTAG
458,AGTCTTTTCCAGTATG,DOUBLET
459,TCAGGATTCGTACGGC,DOUBLET
460,TGTATTCGTGCACGAA,DOUBLET
461,CCTTCCCGTTCCCTTG,DOUBLET
462,GATGAGGAGTTAAGTG,DOUBLET
463,CAGTAACCACAACGTT,DOUBLET
464,CTACACCGTCAGAGGT,DOUBLET
465,AAGGTTCGTGTTCGAT,DOUBLET
466,GTCATTTCAGATCTGT,DOUBLET
467,CCAGCGAGTACAGTTC,DOUBLET
468,GGTGAAGCAGTAACGG,DOUBLET
469,CGTGTAATCCGCGCAA,DOUBLET
470,GCGAGAATCCTATGTT,DOUBLET
471,CGATTGATCCTCAATT,DOUBLET
472,TCAGGATTCGTCCAGG,DOUBLET
473,GTAGTCAGTCCGAACC,DOUBLET
474,GTCAAGTTCTCTTATG,DOUBLET
475,AGCGGTCAGGGTGTTG,DOUBLET
476,TTAGTTCTCTTAGCCC,DOUBLET
477,AGACGTTCATTACCTT,DOUBLET
478,ACCAGTAGTCTCACCT,DOUBLET
479,ATTGGACGTTTAGGAA,CACTGTAG
480,CTGATCCCAATCTGCA,DOUBLET
481,GTGCTTCGTTCCAACA,DOUBLET
482,AGTTGGTTCTGCGTAA,DOUBLET
483,CGTTCTGCATAGTAAG,CACTGTAG
484,CCTACACCATTCTCAT,DOUBLET
485,GTCACGGCATTACGAC,DOUBLET
486,AACCATGTCCGCAAGC,DOUBLET
487,CGACCTTTCCGCAAGC,DOUBLET
488,CTTACCGAGTGCCAGA,DOUBLET
489,GACGCGTCACGTCAGC,DOUBLET
490,CTTAGGATCCGCGTTT,DOUBLET
491,TTTGGTTCAAGCCATT,DOUBLET
492,GATCGCGGTGCATCTA,DOUBLET
493,CCTACACTCGCCAAAT,DOUBLET
494,CTACGTCGTCTTTCAT,DOUBLET
495,CTGTTTACATCCAACA,DOUBLET
496,AGTAGTCGTGTTGGGA,DOUBLET
497,GCAGTTACAATTGCTG,DOUBLET
498,CGAGCCATCCAAAGTC,DOUBLET
499,GTAACTGCATGGTTGT,DOUBLET
500,TTAACTCCAGCCAATT,DOUBLET
501,GACGTTAGTTCCAACA,DOUBLET
502,CATGACATCAAACGGG,DOUBLET
503,GGCCGATAGGAGTCTG,DOUBLET
504,CTAAGACAGCCCTAAT,DOUBLET
505,CACCTTGCAAGGGTCA,DOUBLET
506,GCGCGATAGACATAAC,DOUBLET
507,GGTGAAGGTACTCAAC,DOUBLET
508,GATCGTAAGCAGGCTA,DOUBLET
509,ACGGGCTTCTGCGACG,DOUBLET
510,CTCTACGAGAAACCGC,DOUBLET
511,TGTCCCACACTTGGAT,DOUBLET
512,TGTGGTATCACGCGGT,DOUBLET
513,CGTCACTAGATCTGCT,DOUBLET
514,CTAGAGTAGTGAACAT,DOUBLET
515,CGGAGTCGTATGAAAC,DOUBLET
516,AGGTCCGGTGCTAGCC,DOUBLET
517,CTTACCGCAGGGCATA,DOUBLET
518,AAGGCAGCATGTTCCC,DOUBLET
519,TGTTCCGTCAAGCCTA,DOUBLET
520,TCAATCTTCCAAACAC,DOUBLET
521,GAAATGATCGAATGGG,DOUBLET
522,CCCAGTTCATGTCCTC,DOUBLET
523,GTAACGTAGACTAGAT,DOUBLET
524,AAAGCAATCATGCTCC,DOUBLET
525,GGAAAGCTCACATGCA,DOUBLET
526,GCAATCACATCCGCGA,DOUBLET
527,CGTCACTCATGAGCGA,DOUBLET
528,TTCGAAGAGAGTGACC,DOUBLET
529,GCACTCTGTGATGATA,DOUBLET
530,CATCGGGCATAACCTG,DOUBLET
531,TGACTTTAGTCCAGGA,DOUBLET
532,ACCAGTAAGGAGTAGA,DOUBLET
533,CACCAGGGTGTTCTTT,DOUBLET
534,GGTGCGTAGATATACG,DOUBLET
535,ATCTACTAGACTAGAT,DOUBLET
536,GGATTACCACTACAGT,CACTGTAG
537,TGCCCTATCAACCATG,DOUBLET
538,GGCTGGTAGAATTGTG,DOUBLET
539,TGACTTTGTAGTACCT,DOUBLET
540,CAGCGACAGTCGCCGT,DOUBLET
541,GATCTAGAGAGACTAT,DOUBLET
542,GACCTGGTCTCGTATT,DOUBLET
543,CTGATAGAGTCTCCTC,DOUBLET
544,TACCTATCAGTCACTA,DOUBLET
545,TTGCGTCCATACTACG,DOUBLET
546,CGGAGCTAGTCTCAAC,DOUBLET
547,GGGAATGTCCAGAAGG,DOUBLET
548,CACAAACTCACATGCA,DOUBLET
549,CTTAACTTCTAACGGT,DOUBLET
550,GTCATTTAGAGACGAA,DOUBLET
551,ATAAGAGGTCACCTAA,DOUBLET
552,GGCCGATCATCGGACC,DOUBLET
553,CAGCAGCTCAGATAAG,DOUBLET
554,CTGATAGTCTTCGGTC,DOUBLET
555,TTCGGTCTCTGCAGTA,DOUBLET
556,AGCTCTCGTTACCGAT,DOUBLET
557,CGGAGTCGTAGCGCTC,DOUBLET
558,GTATTCTGTCGCCATG,DOUBLET
559,AAGGAGCGTATAGTAG,DOUBLET
560,AGGGATGTCCCTCAGT,DOUBLET
561,GTCTCGTTCGCCTGAG,DOUBLET
562,CCACTACAGTCGCCGT,DOUBLET
563,GATGAAAAGCGTAATA,DOUBLET
564,CGTGTAAAGTAGCCGA,DOUBLET
565,CAAGTTGTCACAACGT,DOUBLET
566,TATCTCACACTTAACG,DOUBLET
567,ATCTGCCAGACAAGCC,DOUBLET
568,TGGACGCAGCTGTTCA,DOUBLET
569,GGCAATTCAATCCGAT,DOUBLET
570,CCTAGCTAGGTAAACT,DOUBLET
571,AGCCTAACAAGACACG,DOUBLET
572,TTGACTTCATCCCATC,DOUBLET
573,ACGCAGCTCACCGTAA,DOUBLET
574,GTCAAGTAGCCCAGCT,DOUBLET
575,CCTTACGCAGCTGCAC,DOUBLET
576,GCGACCAGTCAGAATA,DOUBLET
577,TACACGAGTGACTCAT,DOUBLET
578,CTGCTGTCAGACGTAG,DOUBLET
579,GCTCTGTAGCGTGAAC,DOUBLET
580,TTCCCAGTCATACGGT,DOUBLET
581,CTAGCCTGTTGATTCG,DOUBLET
582,CAAGTTGAGGCTAGCA,DOUBLET
583,CTAGAGTGTATAGGTA,DOUBLET
584,GGAACTTCATTCTTAC,DOUBLET
585,GAAACTCCATACTACG,DOUBLET
586,GCGCAGTGTTGAGTTC,DOUBLET
587,GATCAGTGTCAGCTAT,DOUBLET
588,CGATTGAGTGTGGTTT,DOUBLET
589,GCATACAGTGCGGTAA,DOUBLET
590,GGGCACTTCGCGTAGC,DOUBLET
591,GTGCATACAGGTCCAC,DOUBLET
592,CGAGCCATCAGCTTAG,DOUBLET
593,ACAGCCGAGCGTTCCG,DOUBLET
594,GCTCCTAAGCCATCGC,DOUBLET
595,CTAAGACTCCCGGATG,DOUBLET
596,ATCACGATCACCATAG,DOUBLET
597,AAACGGGTCCTTGGTC,DOUBLET
598,TTTCCTCAGTCTCGGC,DOUBLET
599,CGAGCCAAGCGATTCT,DOUBLET
600,TTCGGTCTCCAAGTAC,DOUBLET
601,ACGCCAGGTCTCCACT,DOUBLET
602,CATCAAGAGTGCTGCC,DOUBLET
603,CCCATACAGACCTTTG,DOUBLET
604,AACCGCGTCGGAAATA,DOUBLET
605,AAGGTTCGTTGGACCC,DOUBLET
606,AAGACCTCACGCTTTC,DOUBLET
607,CTACACCCACATCCAA,DOUBLET
608,CGACTTCAGTCAAGGC,DOUBLET
609,CTAAGACCAGCTGCAC,DOUBLET
610,GTACTCCGTTACGTCA,DOUBLET
611,TAAGCGTGTCCTCTTG,DOUBLET
612,TGATTTCGTAAGTGTA,DOUBLET
613,TGAGCCGTCAAGCCTA,DOUBLET
614,GACGCGTAGCTACCGC,DOUBLET
615,TACTTACGTGATGTGG,DOUBLET
616,GTCCTCAAGAAACCGC,CACTGTAG
617,CCCTCCTCAAGGCTCC,DOUBLET
618,GACAGAGGTCAACTGT,DOUBLET
619,GTACTTTGTGGTCCGT,DOUBLET
620,TTAGGACAGTCCGTAT,DOUBLET
621,ACGGGTCCATGGGAAC,DOUBLET
622,GGGACCTCATTCTTAC,DOUBLET
623,GTTCTCGAGGGCTTCC,DOUBLET
624,CGAGCCATCCCTTGTG,DOUBLET
625,AGGGAGTCAGGTGGAT,DOUBLET
626,TGACTTTCACATCTTT,DOUBLET
627,TTGTAGGTCAGGATCT,DOUBLET
628,AAGCCGCCACTTCTGC,DOUBLET
629,TCTCTAAAGGACAGCT,DOUBLET
630,TCGTACCCAGCTATTG,DOUBLET
631,GCATACAAGGATGGAA,DOUBLET
632,CAGGTGCAGTGGAGTC,DOUBLET
633,CCTAAAGGTCAATACC,DOUBLET
634,GCTTGAAAGCCACGCT,DOUBLET
635,TTGCCGTTCTGCAGTA,DOUBLET
636,TCCACACCATTATCTC,DOUBLET
637,CTACACCTCTGCTGCT,DOUBLET
638,AGTCTTTCATGGATGG,DOUBLET
639,CCGGTAGTCTTCTGGC,DOUBLET
640,CATATGGAGGCATGGT,DOUBLET
641,CGTTGGGAGCGATGAC,DOUBLET
642,ACGGAGACACGAGGTA,DOUBLET
643,CGGGTCACAGACGCAA,DOUBLET
644,CCAATCCCAAGTTCTG,DOUBLET
645,GCAGCCAAGAGAGCTC,DOUBLET
646,GTGGGTCCATTACCTT,DOUBLET
647,GGGCATCAGCAGACTG,DOUBLET
648,AGGCCACCACATTTCT,DOUBLET
649,ACAGCTAGTTGAGGTG,DOUBLET
650,CATCGAAGTCGAGATG,DOUBLET
651,CAGAGAGAGACCTTTG,DOUBLET
652,TACCTTACAAGCCGCT,DOUBLET
653,ACCCACTGTACCGCTG,DOUBLET
654,CGCTGGATCAGTGTTG,DOUBLET
655,TGCTACCCAGCAGTTT,DOUBLET
656,TTCTTAGTCAACGAAA,DOUBLET
657,AAAGTAGAGCCGATTT,DOUBLET
658,TACGGGCAGGACGAAA,DOUBLET
659,AACCGCGAGCGAGAAA,DOUBLET
660,AGATTGCGTCCATGAT,DOUBLET
661,ACGCCAGAGGCAGGTT,DOUBLET
662,AGGCCGTAGCGATTCT,DOUBLET
663,GAGGTGACAGGAATCG,DOUBLET
664,CGATTGATCATTCACT,DOUBLET
665,GGAATAATCCACTCCA,DOUBLET
666,CAAGAAAGTTTGACTG,DOUBLET
667,CATCAGACACCGCTAG,DOUBLET
668,CGATGGCTCGTCCAGG,DOUBLET
669,CGATGTATCAAGGTAA,DOUBLET
670,GCTGCAGAGCTGAAAT,DOUBLET
671,TTCCCAGGTAGCTGCC,DOUBLET
672,GTTACAGAGTGGACGT,DOUBLET
673,GGAACTTCAGGTGCCT,DOUBLET
674,TGTATTCCAAACCTAC,DOUBLET
675,AGAATAGTCCTGCAGG,DOUBLET
676,AACTCAGTCCAATGGT,DOUBLET
677,CGCTGGAAGAGTGAGA,DOUBLET
678,CCTCAGTGTATTCGTG,DOUBLET
679,CGGACTGCAGTAGAGC,DOUBLET
680,TAAGAGACATTCCTCG,DOUBLET
681,CCGTGGATCAGTGTTG,DOUBLET
682,CGTAGGCAGTACTTGC,DOUBLET
683,CTCGAGGCAATGGATA,DOUBLET
684,TGCTGCTAGGCCATAG,DOUBLET
685,GTCCTCATCGGATGTT,DOUBLET
686,CGCTTCAAGGGTTTCT,DOUBLET
687,CCTACACGTAGTAGTA,DOUBLET
688,GCTGCTTAGACGCACA,DOUBLET
689,CCTACACGTCTCATCC,DOUBLET
690,CACACTCCAATCTACG,DOUBLET
691,TAGAGCTCAGCATGAG,DOUBLET
692,AGAATAGCAAACTGTC,DOUBLET
693,CAGCAGCCATTGCGGC,DOUBLET
694,TAGAGCTGTCTAGTGT,DOUBLET
695,TCGTAGAGTACCGAGA,DOUBLET
696,CATCGGGTCAGCGATT,DOUBLET
697,GTCCTCAGTAGCACGA,DOUBLET
698,TTCTCCTCAAGCCTAT,DOUBLET
699,ATAAGAGAGCTGATAA,DOUBLET
700,TGTTCCGCAGCATGAG,DOUBLET
701,AGAATAGGTCGGCTCA,DOUBLET
702,TTCTTAGTCGACCAGC,DOUBLET
703,CGGAGCTAGGTGTGGT,DOUBLET
704,ATCGAGTGTAACGACG,DOUBLET
705,CTCGGGATCTTCGGTC,DOUBLET
706,TGACGGCCACCGCTAG,DOUBLET
707,AAGCCGCGTAGCGTAG,DOUBLET
708,CTACGTCGTCGCCATG,DOUBLET
709,AACGTTGCAATGAAAC,DOUBLET
710,GATCGATAGGGAACGG,DOUBLET
711,TACGGTATCCTACAGA,DOUBLET
712,TCGCGTTTCGTCTGCT,DOUBLET
713,TGAAAGATCAATCTCT,DOUBLET
714,CCACGGATCAGCTCTC,DOUBLET
715,GTTCGGGGTAGAGGAA,DOUBLET
716,ACGCCAGTCCTAAGTG,DOUBLET
717,ATCATCTCATCCCATC,DOUBLET
718,TGGCGCATCCAGTAGT,DOUBLET
719,TTCGGTCGTTCAGACT,DOUBLET
720,AACTCAGTCTGGGCCA,DOUBLET
721,GATTCAGTCTTAGCCC,DOUBLET
722,CAGCTGGGTCGGGTCT,DOUBLET
723,TTGACTTGTGGCAAAC,DOUBLET
724,TTCTCCTTCGCGATCG,DOUBLET
725,ATAGACCCATGTAAGA,DOUBLET
726,TACAGTGAGGTAGCCA,DOUBLET
727,ACCAGTAGTTATCCGA,DOUBLET
728,AAGTCTGGTGTAAGTA,DOUBLET
729,GCAATCAAGATCACGG,DOUBLET
730,ACACCAAGTGCGATAG,DOUBLET
731,TAAACCGCAGTCCTTC,DOUBLET
732,CAGCGACCACTTAAGC,DOUBLET
733,AGAGCTTGTCTCCATC,DOUBLET
734,TCGAGGCAGGCAAAGA,DOUBLET
735,CTGCGGAGTGTCGCTG,DOUBLET
736,GCGCCAACAGATCCAT,DOUBLET
737,TCGGGACCACTTACGA,DOUBLET
738,TCAATCTAGCTATGCT,DOUBLET
739,CCTTCGAAGTGAACAT,DOUBLET
740,GCTTGAAGTGAGGGAG,DOUBLET
741,CAAGATCTCAACACTG,DOUBLET
742,CGTCACTAGACATAAC,DOUBLET
743,CTGATAGGTCCAGTTA,DOUBLET
744,GGATGTTTCTTACCGC,DOUBLET
745,TCGCGTTCACTTGGAT,DOUBLET
746,CTCGTACGTCCTCCAT,DOUBLET
747,CTCGGGAAGGGTCTCC,DOUBLET
748,CCGTACTCATCCGGGT,DOUBLET
749,ACACCCTAGTACATGA,DOUBLET
750,GATCGTATCCGCGTTT,DOUBLET
751,GGTGCGTCATGAACCT,DOUBLET
752,GCATGATAGACTGGGT,DOUBLET
753,CTTCTCTCACGCGAAA,DOUBLET
754,TTTGGTTCACCTCGTT,DOUBLET
755,GGCGTGTGTGCACTTA,DOUBLET
756,TGACAACCACGTTGGC,DOUBLET
757,GAATGAACATACCATG,DOUBLET
758,CAGCCGATCTACCAGA,DOUBLET
759,AAGGCAGGTACAGCAG,DOUBLET
760,AGATCTGAGTATCGAA,DOUBLET
761,ATTCTACTCAGAGCTT,DOUBLET
762,CAAGATCTCTCGCTTG,DOUBLET
763,ATCATGGTCTGGGCCA,DOUBLET
764,AGTTGGTCACCACGTG,DOUBLET
765,GGTGTTACAATCCGAT,DOUBLET
766,ACTGTCCTCACTTACT,DOUBLET
767,CGGTTAAGTCTCTCTG,DOUBLET
768,TGACGGCCACGAGGTA,DOUBLET
769,ATGAGGGCATCGGACC,DOUBLET
770,GATGAAAAGGTGCTAG,DOUBLET
771,AGGCCGTAGCCATCGC,DOUBLET
772,GATCAGTCACGTTGGC,DOUBLET
773,GCTGCAGGTCTGCAAT,DOUBLET
774,ATTCTACCATCCCATC,DOUBLET
775,CCTATTAGTCGGGTCT,DOUBLET
776,TCTATTGAGTTAGGTA,DOUBLET
777,AACGTTGGTACCCAAT,DOUBLET
778,CGGTTAAGTTTGACAC,DOUBLET
779,CGAATGTTCGTTGCCT,DOUBLET
780,CTTTGCGTCATAGCAC,DOUBLET
781,GCGACCATCATTTGGG,DOUBLET
782,GCATACAGTAGGGTAC,DOUBLET
783,GAAGCAGGTCATCCCT,DOUBLET
784,GCGACCACAGTATCTG,DOUBLET
785,CTCACACAGACGACGT,DOUBLET
786,TAGAGCTCAACGCACC,DOUBLET
787,ACTGAGTCACGCCAGT,DOUBLET
788,AGATCTGTCCTAGGGC,DOUBLET
789,CGGTTAAGTCACTGGC,DOUBLET
790,AACTTTCCAGGCAGTA,DOUBLET
791,CTTTGCGAGCGTAGTG,DOUBLET
792,CCTATTACATAGTAAG,DOUBLET
793,TAGGCATCACCAGGTC,DOUBLET
794,TTGAACGCATGTTGAC,DOUBLET
795,GGGCATCGTACGACCC,DOUBLET
796,ACCGTAAGTCACCCAG,DOUBLET
797,TAGGCATTCTCTTATG,DOUBLET
798,TGGGCGTTCTTGAGGT,DOUBLET
799,GGGACCTCATTGGTAC,DOUBLET
800,CTCTGGTGTTGCGCAC,DOUBLET
801,CACCTTGCATGGTCTA,DOUBLET
802,GCTCCTAAGGGATCTG,DOUBLET
803,AAGACCTAGACTAGGC,DOUBLET
804,CGGACACGTCTTCGTC,DOUBLET
805,AACTGGTGTCCGAGTC,DOUBLET
806,CTCAGAACAAGCTGTT,DOUBLET
807,GTCGGGTCACGGATAG,DOUBLET
808,TAAGTGCCATAGACTC,DOUBLET
809,TCAGATGAGACTAGGC,DOUBLET
810,AACTTTCAGATCTGCT,DOUBLET
811,ATCCACCTCATCGCTC,DOUBLET
812,AGTAGTCCAATGGAGC,DOUBLET
813,GACTACAGTTTGTTTC,DOUBLET
814,AATCCAGAGTCCTCCT,DOUBLET
815,GTACTTTGTACCATCA,DOUBLET
816,GCAATCATCAAGGCTT,DOUBLET
817,GCAGCCATCCTAGGGC,DOUBLET
818,CATGACACACGACTCG,DOUBLET
819,CTACGTCAGAGTCGGT,DOUBLET
820,CGTTAGACAAACGTGG,DOUBLET
821,TAGGCATCAGGGTATG,DOUBLET
822,GACACGCCATCGTCGG,DOUBLET
823,TGTGGTAGTTTGTTTC,DOUBLET
824,TAGACCACAGCGTTCG,DOUBLET
825,ACTGAGTCAGTCACTA,DOUBLET
826,TCACAAGCATAACCTG,DOUBLET
827,CCCAATCGTAACGTTC,DOUBLET
828,GCCAAATAGAGTAATC,DOUBLET
829,AGCATACTCTGGAGCC,DOUBLET
830,TCAGCTCGTCATATCG,DOUBLET
831,GTTACAGTCACGCGGT,DOUBLET
832,AACTTTCAGAATGTTG,DOUBLET
833,GTGTGCGCATCTCCCA,DOUBLET
834,CTGGTCTGTCTCTCTG,DOUBLET
835,ACGATACCAGAGTGTG,DOUBLET
836,ACGGGCTAGGTTCCTA,DOUBLET
837,CTCGTACGTCGCTTTC,DOUBLET
838,CGTAGCGAGTTTAGGA,DOUBLET
839,ACTGATGTCGCTAGCG,DOUBLET
840,TCAACGACAAGGTTTC,DOUBLET
841,TGTTCCGAGCGTTTAC,DOUBLET
842,GAAATGATCACTTATC,DOUBLET
843,CATGACACATTGCGGC,DOUBLET
844,ATTGGACGTACTCGCG,DOUBLET
845,TCAGCAAGTTAAGATG,DOUBLET
846,TGCCCATGTTCTCATT,DOUBLET
847,GAACCTACAATTCCTT,DOUBLET
848,GGCAATTCATCACGTA,DOUBLET
849,TTAGGCAAGGAGTAGA,DOUBLET
850,CGCGTTTGTGGCTCCA,DOUBLET
851,CCTACCAAGCGCTTAT,DOUBLET
852,TGCCCATAGACAAAGG,DOUBLET
853,CCTACCATCCACGCAG,DOUBLET
854,CCGTACTGTGGTGTAG,DOUBLET
855,GAGCAGAAGGTAGCCA,DOUBLET
856,TTGCCGTAGCCAGTAG,DOUBLET
857,GGAATAACACATCCAA,DOUBLET
858,CCTACCAAGCGTCTAT,DOUBLET
859,ACCGTAAAGTCCGGTC,DOUBLET
860,CGCTTCACACTTAAGC,DOUBLET
861,TGGTTAGCACGCATCG,DOUBLET
862,CCTTCGACAATGACCT,DOUBLET
863,AATCCAGAGTCTCGGC,DOUBLET
864,AGTTGGTTCAAGGCTT,DOUBLET
865,TTTCCTCAGAGGTTGC,DOUBLET
866,TTAACTCGTCAATGTC,DOUBLET
867,CAAGGCCGTCCGACGT,DOUBLET
868,GAAATGATCAGCACAT,DOUBLET
869,TAGGCATTCCAGAAGG,DOUBLET
870,GTCGTAAAGGCCCGTT,DOUBLET
871,TACGGGCAGCACGCCT,DOUBLET
872,AGGGTGAAGGCATGGT,DOUBLET
873,TGCCAAAGTATTACCG,DOUBLET
874,CATCGAAGTAGGACAC,DOUBLET
875,GGTGCGTCAATGGATA,DOUBLET
876,TGCGTGGTCGTACCGG,DOUBLET
877,GACTGCGTCCTGCCAT,DOUBLET
878,TTCTACAGTTGTGGAG,DOUBLET
879,GGCTGGTTCCTGTACC,DOUBLET
880,GTATCTTGTTGATTCG,DOUBLET
881,CGGTTAACAGGAATCG,DOUBLET
882,GGAACTTAGCATCATC,DOUBLET
883,GCTTCCACAGGTCCAC,DOUBLET
884,GAATGAACAGTGAGTG,DOUBLET
885,AGGGAGTAGTACGATA,DOUBLET
886,GGGCACTAGTAGCGGT,DOUBLET
887,CACACTCTCTTACCGC,DOUBLET
888,GGCTGGTGTCGCATAT,DOUBLET
889,CCGGTAGCATGTCCTC,DOUBLET
890,TGCGGGTTCACGCATA,DOUBLET
891,CATGGCGGTAAACCTC,DOUBLET
892,GTCGTAAAGCAGATCG,DOUBLET
893,ACCAGTAAGCGTAATA,DOUBLET
894,TATTACCCAGGGTATG,DOUBLET
895,CTAATGGGTTAAGAAC,DOUBLET
896,TACCTATAGCGTAATA,DOUBLET
897,CTCTGGTAGCGTGTCC,DOUBLET
898,GAACGGACACGTAAGG,DOUBLET
899,TACACGATCTCTGCTG,DOUBLET
900,ACGGGTCTCGTAGATC,DOUBLET
901,TGGCTGGAGAGTTGGC,DOUBLET
902,GTCCTCAGTGTTTGGT,DOUBLET
903,CTAATGGTCAACGAAA,DOUBLET
904,GTACGTATCCACTCCA,DOUBLET
905,ATGCGATCATCGGAAG,DOUBLET
906,GGCGTGTGTTATCCGA,DOUBLET
907,ATTACTCAGTTCGCGC,DOUBLET
908,GATGCTAGTTAAAGTG,DOUBLET
909,AAGACCTTCTACGAGT,DOUBLET
910,CCGTACTAGGAGTACC,DOUBLET
911,CTGCCTATCATTGCGA,DOUBLET
912,TGGTTAGGTACCGGCT,DOUBLET
913,GCTGCAGAGTTGTAGA,DOUBLET
914,GGAACTTTCACTCTTA,DOUBLET
915,CCTCAGTGTGTGGCTC,DOUBLET
916,CTGATCCAGTGTCTCA,DOUBLET
917,CACAGTAGTACGCTGC,DOUBLET
918,GACTAACAGGATATAC,DOUBLET
919,GGCCGATCAATGGATA,DOUBLET
920,ATCATCTGTTAGAACA,DOUBLET
921,ATCGAGTCATGCCCGA,DOUBLET
922,ATAGACCTCACGACTA,DOUBLET
923,GGACAGAAGCTAAACA,DOUBLET
924,TCAGGATGTTCCCGAG,DOUBLET
925,CGATGGCGTTACCGAT,DOUBLET
926,CAGAGAGTCTTGTACT,DOUBLET
927,ACTGTCCGTAGCGTCC,DOUBLET
928,ACCCACTAGGTTACCT,DOUBLET
929,TGGACGCGTCCCTACT,DOUBLET
930,AACTCAGCATCACGAT,DOUBLET
931,CCCAATCGTAAACCTC,DOUBLET
932,CGGACTGTCCCAAGAT,DOUBLET
933,TTCTTAGAGTAACCCT,DOUBLET
934,GATGAGGGTCTCCATC,DOUBLET
935,ATAAGAGGTCCATGAT,DOUBLET
936,GACACGCTCCAGAAGG,DOUBLET
937,CCAATCCTCAAACCAC,DOUBLET
938,CTAACTTAGTAGCGGT,DOUBLET
939,TGAGCATAGGACACCA,DOUBLET
940,CCTAGCTAGTGGTAAT,DOUBLET
941,CAGATCACACCTCGGA,DOUBLET
942,TCATTTGTCAGAGGTG,DOUBLET
943,CATCGAAGTTGATTGC,DOUBLET
944,GAAACTCCAATTGCTG,DOUBLET
945,TACCTATAGAAAGTGG,DOUBLET
946,CATCGAAGTTACGTCA,DOUBLET
947,ATCATCTGTATCTGCA,DOUBLET
948,GAGTCCGTCTTCATGT,DOUBLET
949,CGTCAGGGTGACTACT,DOUBLET
950,GTCAAGTAGAAACGCC,DOUBLET
951,CGAGCACAGCAACGGT,DOUBLET
952,CCTAGCTCAGATTGCT,DOUBLET
953,AAAGTAGTCTGATACG,DOUBLET
954,GAGGTGAGTCGACTGC,DOUBLET
955,GAACGGACATGAACCT,DOUBLET
956,TTCGAAGCAGTCACTA,DOUBLET
957,GCGCCAACACGGTGTC,DOUBLET
958,ACATCAGGTTCGAATC,DOUBLET
959,ATCACGACATGCAACT,DOUBLET
960,TCGGGACGTCCATCCT,DOUBLET
961,CGTGTAACACCAGATT,DOUBLET
962,CACAGGCAGTGTCTCA,DOUBLET
963,CTGCCTACATGTAAGA,DOUBLET
964,TCACGAATCATTATCC,DOUBLET
965,AACTGGTCATTCCTGC,DOUBLET
966,GATGAGGAGATACACA,DOUBLET
967,GCACATACAATTCCTT,DOUBLET
968,GCGCCAACAGATTGCT,DOUBLET
969,AGTGAGGCAGACACTT,DOUBLET
970,GACTAACAGTTGCAGG,DOUBLET
971,ACTGCTCCACACGCTG,DOUBLET
972,ATCATGGTCTTGTCAT,DOUBLET
973,CGTTAGATCTAGAGTC,DOUBLET
974,CCCATACTCTCAACTT,DOUBLET
975,TACGGGCTCGAATGCT,DOUBLET
976,GTCTCGTAGTTCGCGC,DOUBLET
977,GACGTGCTCCAAACAC,DOUBLET
978,AAACCTGGTATTAGCC,DOUBLET
979,TCAGCTCCAGGCTGAA,DOUBLET
980,CCCAGTTAGGCCCGTT,DOUBLET
981,TGAGCCGGTAGGCATG,DOUBLET
982,GGGCATCAGCTCCTCT,DOUBLET
983,GCGAGAACAGACGCAA,DOUBLET
984,CACCAGGGTGTTGGGA,DOUBLET
985,GTACGTACAATAGAGT,DOUBLET
986,AATCGGTCACGGATAG,DOUBLET
987,GGAATAAAGAGTGAGA,DOUBLET
988,TTCTCCTGTGACGCCT,DOUBLET
989,CCACTACTCTCAAGTG,DOUBLET
990,TGACTTTTCAACACCA,DOUBLET
991,CGTGTAAGTTTCCACC,DOUBLET
992,ACTATCTGTCACCCAG,DOUBLET
993,GACGTGCAGAGTTGGC,DOUBLET
994,ACCCACTTCACCGGGT,DOUBLET
995,TCAATCTAGATATGGT,DOUBLET
996,TACTTGTGTGCCTGGT,DOUBLET
997,CGTCACTTCTCAAGTG,DOUBLET
998,CGACTTCGTACTCTCC,DOUBLET
999,GGGTTGCCAGGATTGG,DOUBLET
1000,GCTCTGTTCGCCCTTA,DOUBLET
1001,GGGCATCGTGAGTATA,DOUBLET
1002,AGAGTGGGTTAGGGTG,DOUBLET
1003,CGTCAGGGTCACACGC,DOUBLET
1004,CGAGCACCAAATACAG,DOUBLET
1005,TCAGGATTCTGATTCT,DOUBLET
1006,CGAGCCAAGCTCAACT,DOUBLET
1007,CTCAGAACACAGATTC,DOUBLET
1008,GTGAAGGCAGATCGGA,DOUBLET
1009,TGGGCGTCACATTTCT,DOUBLET
1010,AGAGCTTGTAAGGGAA,DOUBLET
1011,GACGCGTGTCTCGTTC,DOUBLET
1012,CTGCGGATCGAGAGCA,DOUBLET
1013,CACTCCATCCGTAGGC,DOUBLET
1014,AGCTCCTAGCTAACAA,DOUBLET
1015,CGCCAAGTCACCTTAT,DOUBLET
1016,CACCTTGGTAGCCTCG,DOUBLET
1017,CAACCAAAGCCAGGAT,DOUBLET
1018,GCCTCTAGTACCGGCT,DOUBLET
1019,CTGTGCTCACGGCTAC,DOUBLET
1020,GGCAATTGTTCACGGC,DOUBLET
1021,AGTTGGTGTGAAAGAG,DOUBLET
1022,CCTCTGAAGGCAGGTT,DOUBLET
1023,GTGTGCGCACGGTAAG,DOUBLET
1024,GGAGCAATCGCGTAGC,DOUBLET
1025,TAAGAGAGTGTTGGGA,DOUBLET
1026,CTCCTAGCATGACATC,DOUBLET
1027,TTAGGACTCGACAGCC,DOUBLET
1028,GGCTGGTTCGCTGATA,DOUBLET
1029,GAATGAAAGAGATGAG,DOUBLET
1030,CACAGGCGTTATCGGT,DOUBLET
1031,ACGCCGAGTGACAAAT,DOUBLET
1032,AAAGCAAGTCCGAACC,DOUBLET
1033,TTTGCGCTCAGGTAAA,DOUBLET
1034,CGTCCATTCGCGTAGC,DOUBLET
1035,TCAGGATTCCTTTCTC,DOUBLET
1036,TTGGAACAGAAACCTA,DOUBLET
1037,GGACGTCGTATGAATG,DOUBLET
1038,TGTCCCACAATCGAAA,DOUBLET
1039,GGGAGATCATCCTAGA,DOUBLET
1040,GCTTGAAGTACCGTTA,DOUBLET
1041,TCCCGATTCTGTCCGT,DOUBLET
1042,TAGGCATGTCTGATTG,DOUBLET
1043,TGACAACCACGCATCG,DOUBLET
1044,CCACCTATCGCGATCG,DOUBLET
1045,GACGTGCCACATAACC,DOUBLET
1046,TGCTGCTTCAAGAAGT,DOUBLET
1047,TTAACTCCATAAGACA,DOUBLET
1048,CGGCTAGCAGGCGATA,DOUBLET
1049,TGGACGCTCCGTAGGC,DOUBLET
1050,TGCTGCTAGCTACCTA,DOUBLET
1051,AAGGAGCCATTATCTC,DOUBLET
1052,GTTCATTCAAGGGTCA,DOUBLET
1053,TGGGCGTTCTCTTATG,DOUBLET
1054,GTGCGGTAGAAGGGTA,DOUBLET
1055,AGAGCTTGTACTCAAC,DOUBLET
1056,CGATGTACACCTCGTT,DOUBLET
1057,GATTCAGCATGAGCGA,DOUBLET
1058,CCGGGATAGCGTTGCC,DOUBLET
1059,CGCTTCATCAACGAAA,DOUBLET
1060,TTTGGTTCACAGCCCA,DOUBLET
1061,TCAGATGGTCGTGGCT,DOUBLET
1062,GTAGGCCCAGCTGTTA,DOUBLET
1063,GTACTCCGTCGAATCT,DOUBLET
1064,TGCTACCTCTGCGGCA,DOUBLET
1065,TGCTACCGTTAAGGGC,DOUBLET
1066,CAGTCCTTCCCTCTTT,DOUBLET
1067,AGATCTGAGGGTTCCC,DOUBLET
1068,GAAACTCTCCTCCTAG,DOUBLET
1069,GGACATTAGATGTGGC,DOUBLET
1070,TCAGGTATCTTTAGTC,DOUBLET
1071,GACGGCTCATAACCTG,DOUBLET
1072,ATGGGAGGTCATCCCT,DOUBLET
1073,GCAATCAGTTGATTCG,DOUBLET
1074,GTCACAAAGGTCATCT,DOUBLET
1075,TGAGCATCATATGCTG,DOUBLET
1076,CGGAGCTAGAACAACT,DOUBLET
1077,GAACGGACACTCAGGC,DOUBLET
1078,TCGGGACGTCGACTGC,DOUBLET
1079,TCAGCTCGTCGCGTGT,DOUBLET
1080,CAGCATAAGGAGCGAG,DOUBLET
1081,GCTCTGTTCTATGTGG,DOUBLET
1082,CAGTAACTCGCATGAT,DOUBLET
1083,GATTCAGCAGTGACAG,DOUBLET
1084,AGTTGGTTCTCGGACG,DOUBLET
1085,CCACTACTCCATGAAC,DOUBLET
1086,CGAGCCAAGCCATCGC,DOUBLET
1087,GTGCAGCGTGCCTGCA,DOUBLET
1088,TTCGAAGCAGAAGCAC,DOUBLET
1089,ACAGCTACACCATCCT,DOUBLET
1090,TAAACCGAGACACTAA,DOUBLET
1091,AGGTCCGCAGCATACT,DOUBLET
1092,AGACGTTCACATGGGA,DOUBLET
1093,TTATGCTAGATCCCAT,DOUBLET
1094,TTGAACGGTGTAATGA,DOUBLET
1095,CCTAGCTGTATCGCAT,DOUBLET
1096,AGCGTATCAATGTTGC,DOUBLET
1097,CCTACACCATGCAATC,DOUBLET
1098,ACATGGTAGTCCATAC,DOUBLET
1099,TTCTCCTCATCTGGTA,DOUBLET
1100,TTGAACGTCTACCAGA,DOUBLET
1101,TTTGTCAGTTCATGGT,DOUBLET
1102,GCAATCATCGGAAATA,DOUBLET
1103,CGAGCCATCGGCTACG,DOUBLET
1104,GTAACTGAGTTAGGTA,DOUBLET
1105,TACCTTAAGTCAAGGC,DOUBLET
1106,CATATGGCAGCCTTTC,DOUBLET
1107,GGGTCTGAGAGCTATA,DOUBLET
1108,CAAGATCCAGACAGGT,DOUBLET
1109,ACACCGGTCAGCATGT,DOUBLET
1110,GAAATGAAGCCGGTAA,DOUBLET
1111,CAGCGACTCCCGGATG,DOUBLET
1112,CATCAGAGTAAGTGTA,DOUBLET
1113,GGGTCTGAGACCCACC,DOUBLET
1114,CTGAAGTCAAGGACAC,DOUBLET
1115,TGCACCTAGCTTTGGT,DOUBLET
1116,AACTGGTCAGCCTGTG,DOUBLET
1117,TGGTTAGAGCTAGTCT,DOUBLET
1118,AACTGGTGTTCGAATC,DOUBLET
1119,GAAATGAGTATCGCAT,DOUBLET
1120,TCAGCTCCATATGCTG,DOUBLET
1121,CGACCTTTCAGTTCGA,DOUBLET
1122,CATCAGACACGGACAA,DOUBLET
1123,TGCCCATAGGCCCTCA,DOUBLET
1124,CATTATCTCGGCGCAT,DOUBLET
1125,GCTTCCATCCCTAACC,DOUBLET
1126,GTTACAGGTCCATCCT,DOUBLET
1127,TCTATTGCAGCCAGAA,DOUBLET
1128,CGCCAAGTCCTTTACA,DOUBLET
1129,GTTAAGCTCCTGCAGG,DOUBLET
1130,GTTCATTGTTAGATGA,DOUBLET
1131,CACCAGGTCTACTCAT,DOUBLET
1132,CAAGATCTCTGTCAAG,DOUBLET
1133,TTCCCAGTCACTCTTA,DOUBLET
1134,TGACTAGAGCGCTTAT,DOUBLET
1135,TTAGTTCGTCTCCCTA,DOUBLET
1136,CGGAGTCTCTGTTGAG,DOUBLET
1137,ATTACTCCACCTGGTG,DOUBLET
1138,CTAAGACAGTTAACGA,DOUBLET
1139,AGCAGCCTCGGACAAG,DOUBLET
1140,TAGAGCTTCGGAAACG,DOUBLET
1141,TAAGTGCGTATTAGCC,DOUBLET
1142,TGCTGCTAGTACGTTC,DOUBLET
1143,CTCGGGACAGGACCCT,DOUBLET
1144,GACTGCGCAAACCCAT,DOUBLET
1145,AGATCTGAGTAGCCGA,DOUBLET
1146,GAAACTCCATGGTTGT,DOUBLET
1147,GAACGGAAGTTGAGTA,DOUBLET
1148,CCTTCGAGTTCCCGAG,DOUBLET
1149,AGTTGGTAGATACACA,DOUBLET
1150,TACAGTGAGTTAGGTA,DOUBLET
1151,TTCTTAGAGCAGGTCA,DOUBLET
1152,ACGATGTGTGTGGTTT,DOUBLET
1153,CAGTAACTCTATCCTA,DOUBLET
1154,ATCATGGTCCGCTGTT,DOUBLET
1155,AGTGGGATCTCGCATC,DOUBLET
1156,AGGCCACCACACCGCA,DOUBLET
1157,TTCCCAGGTCTAGGTT,DOUBLET
1158,CATATGGAGTGGTAAT,DOUBLET
1159,CGGCTAGAGTTCCACA,DOUBLET
1160,AGGCCACAGTCTCAAC,DOUBLET
1161,ACTGAGTCAGTCGTGC,DOUBLET
1162,GGCTGGTAGTACGCGA,DOUBLET
1163,CTAACTTGTAGCAAAT,DOUBLET
1164,ACCAGTAGTATTAGCC,DOUBLET
1165,AAATGCCAGTGAAGAG,DOUBLET
1166,CCCAATCAGAACTGTA,DOUBLET
1167,GCATGTAGTCAAAGCG,DOUBLET
1168,CGCTATCTCGCGGATC,DOUBLET
1169,TTTGGTTAGGTAGCCA,DOUBLET
1170,GACAGAGGTAGAGTGC,DOUBLET
1171,GCACTCTAGATATACG,DOUBLET
1172,GGGCATCCAAACTGCT,DOUBLET
1173,CGCTATCCACGGCGTT,DOUBLET
1174,TTAGGACAGCATGGCA,DOUBLET
1175,TGCTACCTCTCAACTT,DOUBLET
1176,ATCGAGTGTCGCTTTC,DOUBLET
1177,TGAGGGAAGTGACTCT,DOUBLET
1178,CAGGTGCTCGGGAGTA,DOUBLET
